{"val_loss": [1.6286268175125123, 1.1405960556030272], "val_acc": [0.4699, 0.6067], "loss": [1.8771895277023316, 1.2272937922668457], "acc": [0.41502, 0.58146]}