{"val_loss": [1.2775927194595338, 0.9687274196624756], "val_acc": [0.5468, 0.6632], "loss": [1.8634455128479004, 1.198601568927765], "acc": [0.42026, 0.58696]}